project,article,month,article_views,days_with_data,expected_days,missing_days,zero_days,complete_month,project_views,share_of_project_views
uk.wikipedia,Астрономія,2024-09,4687,30,30,0,0,True,74509285,6.290491178381325e-05
uk.wikipedia,Астрономія,2024-10,1776,31,31,0,0,True,83014264,2.13939137013851e-05
uk.wikipedia,Астрономія,2024-11,1746,30,30,0,0,True,83835060,2.0826608819746774e-05
uk.wikipedia,Астрономія,2024-12,1634,31,31,0,0,True,84431475,1.935297233644207e-05
uk.wikipedia,Астрономія,2025-01,1558,31,31,0,0,True,94111809,1.6554776882463282e-05
uk.wikipedia,Астрономія,2025-02,1296,28,28,0,0,True,81951788,1.5814176012852827e-05
uk.wikipedia,Астрономія,2025-03,1068,31,31,0,0,True,79609260,1.3415524776891532e-05
uk.wikipedia,Астрономія,2025-04,1019,30,30,0,0,True,72146878,1.4123965280937035e-05
uk.wikipedia,Астрономія,2025-05,789,31,31,0,0,True,69040303,1.1428107434580639e-05
uk.wikipedia,Астрономія,2025-06,361,30,30,0,0,True,53652676,6.728462155363881e-06
uk.wikipedia,Астрономія,2025-07,305,31,31,0,0,True,62209478,4.9027898932056625e-06
uk.wikipedia,Астрономія,2025-08,375,31,31,0,0,True,61801817,6.067782764380536e-06
uk.wikipedia,Астрономія,2025-09,1642,30,30,0,0,True,61256706,2.6805228475719865e-05
uk.wikipedia,Астрономія,2025-10,635,31,31,0,0,True,66044662,9.614705878879357e-06
uk.wikipedia,Астрономія,2025-11,557,30,30,0,0,True,67137685,8.296383767179342e-06
uk.wikipedia,Астрономія,2025-12,622,31,31,0,0,True,55497356,1.1207741139956289e-05
uk.wikipedia,Астрономія,2026-01,449,31,31,0,0,True,60471976,7.424926878526344e-06
uk.wikipedia,Астрономія,2026-02,425,28,28,0,0,True,51614348,8.234144505709923e-06
uk.wikipedia,Астрономія,2026-03,410,31,31,0,0,True,55114806,7.439017384911052e-06
uk.wikipedia,Астрономія,2026-04,405,30,30,0,0,True,53385280,7.586360884498498e-06
uk.wikipedia,Астрономія,2026-05,600,31,31,0,0,True,55950057,1.0723849664710797e-05
uk.wikipedia,Астрономія,2026-06,281,30,30,0,0,True,48312008,5.8163593614241824e-06
uk.wikipedia,Астрономія,2026-07,322,31,31,0,0,True,52999047,6.075580943936596e-06
uk.wikipedia,Астрономія,2026-08,360,31,31,0,0,True,50720483,7.09772420739763e-06
